{"aaron": {"Lower Rate Limit": "60", "Upper Rate Limit": "85", "Maximum Sensor Rate": "120", "Fixed AV Delay": "100", "Atrial Amplitude": "5", "Atrial Pulse Width": "30", "Atrial Sensitivity": "1", "Ventricular Amplitude": "5", "Ventricular Pulse Width": "2", "Ventricular Sensitivity": "2.5", "ARP": "250", "VRP": "320", "PVARP": "250", "Activity Threshold": "V-Low", "Reaction Time": "20", "Response Factor": "5", "Recovery Time": "2"}, "dank": {"Lower Rate Limit": "60", "Upper Rate Limit": "120", "Maximum Sensor Rate": "120", "Fixed AV Delay": "150", "Atrial Amplitude": "5", "Atrial Pulse Width": "1", "Atrial Sensitivity": "1", "Ventricular Amplitude": "5", "Ventricular Pulse Width": "1", "Ventricular Sensitivity": "2.5", "ARP": "250", "VRP": "320", "PVARP": "250", "Activity Threshold": "Med", "Reaction Time": "30", "Response Factor": "8", "Recovery Time": "5"}}